[
  {
    "name": "Charybdis 4x6",
    "author": "https://github.com/zzkt/charybdis",
    "notes": "layers\n0 - base layer. qwerty and modifiers\n1 - numbers, symbols & brackets\n2 - movement. arrows & jump\n3 - emacs layer\n4 - emacs layer (hypm)\n5 - mouse layer\n"
  },
  [
    {
      "x": 3.5,
      "a": 5
    },
    "#\n\n\n\n\n\n3",
    {
      "x": 7
    },
    "*\n\n\n\n\n\n8"
  ],
  [
    {
      "y": -0.875,
      "x": 2.5
    },
    "@\n\n\n\n\n\n2",
    {
      "x": 1
    },
    "$\n\n\n\n\n\n4",
    {
      "x": 5
    },
    "&\n\n\n\n\n\n7",
    {
      "x": 1,
      "t": "#000000\n\n\n#dd3c84",
      "a": 4
    },
    "\n\n\n_\n\n\n\n\n(\n9"
  ],
  [
    {
      "y": -0.875,
      "x": 5.5,
      "t": "#000000",
      "a": 5
    },
    "%\n\n\n\n\n\n5",
    {
      "x": 3
    },
    "^\n\n\n\n\n\n6"
  ],
  [
    {
      "y": -0.875,
      "x": 0.5,
      "t": "#000000\n\n\n#dd3c84",
      "a": 4
    },
    "\n\n\n~\n\n\n\n\n\nesc",
    {
      "t": "#000000",
      "a": 5
    },
    "!\n\n\n\n\n\n1",
    {
      "x": 11,
      "t": "#000000\n\n\n#dd3c84",
      "a": 4
    },
    "\n\n\n+\n\n\n\n\n)\n0",
    {
      "t": "#000000",
      "a": 7,
      "fa": [
        2
      ]
    },
    "bspace"
  ],
  [
    {
      "y": -0.375,
      "x": 3.5,
      "t": "#000000\n\n\n#dd3c84",
      "a": 4,
      "fa": [
        2,
        0,
        0,
        0,
        0,
        0,
        0,
        0,
        0,
        4
      ]
    },
    "\n\n\n#\n\n\n\n\n\nE",
    {
      "x": 7
    },
    "\n\n\n*\n\n\n\n\n\nI"
  ],
  [
    {
      "y": -0.875,
      "x": 2.5,
      "t": "#000000\n#1c937f\n\n#dd3c84"
    },
    "\n▲\n\n@\n\n\n\n\n\nW",
    {
      "x": 1,
      "t": "#000000\n\n\n#dd3c84"
    },
    "\n\n\n$\n\n\n\n\n\nR",
    {
      "x": 5
    },
    "\n\n\n&\n\n\n\n\n\nU",
    {
      "x": 1,
      "t": "#000000\n\n\n#dd3c84\n\n\n\n#dd3c84"
    },
    "\n\n\n-\n\n\n\n_\n\nO"
  ],
  [
    {
      "y": -0.875,
      "x": 5.5,
      "t": "#000000\n\n\n#dd3c84"
    },
    "\n\n\n%\n\n\n\n\n\nT",
    {
      "x": 3
    },
    "\n\n\n^\n\n\n\n\n\nY"
  ],
  [
    {
      "y": -0.875,
      "x": 0.5,
      "t": "#000000",
      "a": 7,
      "fa": [
        4
      ]
    },
    "tab",
    {
      "t": "#000000\n#1c937f\n\n#dd3c84\n#2022e2",
      "a": 4,
      "fa": [
        4,
        2,
        0,
        0,
        0,
        0,
        0,
        0,
        0,
        4
      ]
    },
    "\nM-v\n\n!\nDPI\n\n\n\n\nQ",
    {
      "x": 11,
      "t": "#000000\n\n\n#dd3c84\n\n\n\n#dd3c84",
      "fa": [
        4,
        2,
        0,
        2,
        0,
        0,
        0,
        2,
        0,
        4
      ]
    },
    "\n\n\n=\n\n\n\n+\n\nP",
    {
      "t": "#000000",
      "a": 5,
      "f": 3
    },
    "_\n\n\n\n\n\n-"
  ],
  [
    {
      "y": -0.375,
      "x": 3.5,
      "t": "#000000\n#1c937f\n\n#dd3c84",
      "a": 4,
      "fa": [
        4,
        0,
        0,
        0,
        0,
        0,
        0,
        2,
        0,
        4
      ]
    },
    "\n►\n\n3\n\n\n\n\n\nD",
    {
      "x": 7,
      "t": "#000000\n#1c937f\n\n#dd3c84\n#2022e2"
    },
    "\n▲\n\n8\nscroll\n\n\n\n\nK"
  ],
  [
    {
      "y": -0.875,
      "x": 2.5
    },
    "\n▼\n\n2\nscroll\n\n\n\n\nS",
    {
      "x": 1,
      "t": "#000000\n#1c937f\n\n#dd3c84",
      "fa": [
        4,
        2,
        0,
        0,
        0,
        0,
        0,
        2,
        0,
        4
      ]
    },
    "\nC e\n\n4\n\n\n\n\n\nF",
    {
      "x": 5,
      "fa": [
        4,
        0,
        0,
        0,
        0,
        0,
        0,
        2,
        0,
        4
      ]
    },
    "\n▼\n\n7\n\n\n\n\n\nJ",
    {
      "x": 1
    },
    "\n►\n\n9\n\n\n\n\n\nL"
  ],
  [
    {
      "y": -0.875,
      "x": 5.5,
      "t": "#000000\n\n\n#dd3c84"
    },
    "\n\n\n5\n\n\n\n\n\nG",
    {
      "x": 3,
      "t": "#000000\n#1c937f\n\n#dd3c84",
      "fa": [
        4,
        1,
        0,
        0,
        0,
        0,
        0,
        2,
        0,
        4
      ]
    },
    "\n◀︎\n\n6\n\n\n\n\n\nH"
  ],
  [
    {
      "y": -0.875,
      "x": 0.5,
      "fa": [
        4,
        2,
        0,
        0,
        0,
        0,
        0,
        2,
        0,
        4
      ]
    },
    "\nC a\n\n0\n\n\n\n\n\nctrl",
    {
      "t": "#000000\n#1c937f\n\n#dd3c84\n#2022e2",
      "fa": [
        4,
        1,
        0,
        0,
        0,
        0,
        0,
        2,
        0,
        4
      ]
    },
    "\n◀︎\n\n1\nsniper\n\n\n\n\nA",
    {
      "x": 11,
      "t": "#000000\n\n\n#dd3c84",
      "f": 3
    },
    "\n\n\n0\n\n\n\n\n:\n;",
    {
      "t": "#000000\n#1c937f\n\n#dd3c84",
      "fa": [
        4,
        4,
        4,
        0,
        0,
        0,
        0,
        4,
        0,
        2
      ]
    },
    "\n●\n\"\n↵\n\n\n\n'\n\n(LT 1)"
  ],
  [
    {
      "y": -0.375,
      "x": 3.5,
      "fa": [
        4,
        2,
        4,
        0,
        0,
        0,
        0,
        4,
        0,
        4
      ]
    },
    "\nM <\n\n\\\n\n\n\n\n\nC",
    {
      "x": 7,
      "t": "#000000\n\n\n\n#2022e2",
      "a": 5,
      "f": 3
    },
    "<\n\n\n\nMaus 2\n\n,"
  ],
  [
    {
      "y": -0.875,
      "x": 2.5,
      "t": "#000000\n#1c937f\n\n#dd3c84",
      "a": 4,
      "f": 3
    },
    "\nC-v\n\n\\\n\n\n\n\n\nX",
    {
      "x": 1,
      "t": "#000000\n\n\n#dd3c84",
      "f": 3
    },
    "\n\n\n{\n\n\n\n\n\nV",
    {
      "x": 5,
      "t": "#000000\n\n\n#dd3c84\n#2022e2",
      "f": 3
    },
    "\n\n\n}\nMaus 1\n\n\n\n\nM",
    {
      "x": 1,
      "t": "#000000\n\n\n\n#2022e2",
      "a": 5,
      "f": 3
    },
    ">\n\n\n\nMaus 3\n\n."
  ],
  [
    {
      "y": -0.875,
      "x": 5.5,
      "t": "#000000\n\n\n#dd3c84",
      "a": 4,
      "f": 3
    },
    "\n\n\n[\n\n\n\n\n\nB",
    {
      "x": 3,
      "f": 3
    },
    "\n\n\n]\n\n\n\n\n\nN"
  ],
  [
    {
      "y": -0.875,
      "x": 0.5,
      "t": "#000000",
      "a": 5,
      "f": 3
    },
    "\n▲\n\n\n\n\nShift",
    {
      "t": "#000000\n#1c937f\n\n#dd3c84\n\n#2022e2",
      "a": 0,
      "fa": [
        4,
        2,
        4,
        5,
        0,
        0,
        0,
        4,
        0,
        4
      ]
    },
    "\nM <\n\n`\n\n●\n\n\n\nZ",
    {
      "x": 11,
      "t": "#000000\n\n\n#dd3c84\n\n#2022e2",
      "f": 3
    },
    "\n\n\n|\n\n●\n\n\n?\n/",
    {
      "t": "#000000",
      "a": 5,
      "fa": [
        4,
        0,
        4,
        5,
        0,
        0,
        2
      ]
    },
    "\n▼\n\n\n\n\n(LT 4)"
  ],
  [
    {
      "y": 0.125,
      "x": 11.25,
      "c": "#f9f9f9",
      "fa": [
        4,
        0,
        4,
        5,
        0,
        0,
        9
      ],
      "w": 1.25,
      "h": 1.25,
      "d": true
    },
    "\n(trackball)\n\n\n\n\n🔮"
  ],
  [
    {
      "r": 30,
      "rx": 6.5,
      "ry": 4.25,
      "y": 0.75,
      "x": -1.25,
      "c": "#cccccc",
      "t": "#000000\n#1c937f\n\n\n#2022e2",
      "a": 4,
      "fa": [
        4,
        2
      ]
    },
    "\nctrl\n\n\nMaus 2\n\n\n\n\nmeta",
    "\nshift\n\n\nMaus 1\n\n\n\n\nspc",
    {
      "t": "#000000\n\n\n\n#2022e2",
      "a": 7,
      "fa": [
        2
      ]
    },
    "(⌘ spc)\n\n\n\nMaus 3"
  ],
  [
    {
      "x": -0.25,
      "t": "#000000"
    },
    "(MO 3)",
    {
      "f": 3
    },
    "lapo"
  ],
  [
    {
      "r": -30,
      "rx": 13,
      "y": -1,
      "x": -4.75,
      "t": "#000000\n\n\n#dd3c84",
      "a": 4,
      "fa": [
        2,
        0,
        0,
        5
      ]
    },
    "\n\n\n●",
    {
      "t": "#000000",
      "a": 7,
      "f": 3
    },
    "(⌘ ↵)"
  ],
  [
    {
      "x": -4.75,
      "f": 3
    },
    "rapc"
  ]
]