{
    "keyboard_name": "Dilemma (3x5+3) Assembled",
    "usb": {
        "device_version": "2.0.0",
        "pid": "0x1835"
    },
    "split": {
        "soft_serial_pin": "GP1"
    },
    "processor": "RP2040",
    "bootloader": "rp2040",
    "community_layouts": ["split_3x5_3"],
    "layouts": {
        "LAYOUT_split_3x5_3": {
            "layout": [
                { "label": "L00", "x": 0, "y": 0 },
                { "label": "L01", "x": 1, "y": 0 },
                { "label": "L02", "x": 2, "y": 0 },
                { "label": "L03", "x": 3, "y": 0 },
                { "label": "L04", "x": 4, "y": 0 },
                { "label": "R00", "x": 11, "y": 0 },
                { "label": "R01", "x": 12, "y": 0 },
                { "label": "R02", "x": 13, "y": 0 },
                { "label": "R03", "x": 14, "y": 0 },
                { "label": "R04", "x": 15, "y": 0 },
                { "label": "L10", "x": 0, "y": 1 },
                { "label": "L11", "x": 1, "y": 1 },
                { "label": "L12", "x": 2, "y": 1 },
                { "label": "L13", "x": 3, "y": 1 },
                { "label": "L14", "x": 4, "y": 1 },
                { "label": "R10", "x": 11, "y": 1 },
                { "label": "R11", "x": 12, "y": 1 },
                { "label": "R12", "x": 13, "y": 1 },
                { "label": "R13", "x": 14, "y": 1 },
                { "label": "R14", "x": 15, "y": 1 },
                { "label": "L20", "x": 0, "y": 2 },
                { "label": "L21", "x": 1, "y": 2 },
                { "label": "L22", "x": 2, "y": 2 },
                { "label": "L23", "x": 3, "y": 2 },
                { "label": "L24", "x": 4, "y": 2 },
                { "label": "R20", "x": 11, "y": 2 },
                { "label": "R21", "x": 12, "y": 2 },
                { "label": "R22", "x": 13, "y": 2 },
                { "label": "R23", "x": 14, "y": 2 },
                { "label": "R24", "x": 15, "y": 2 },
                { "label": "L32", "x": 4, "y": 3 },
                { "label": "L33", "x": 5, "y": 3 },
                { "label": "L34", "x": 6, "y": 3 },
                { "label": "R32", "x": 11, "y": 3 },
                { "label": "R33", "x": 10, "y": 3 },
                { "label": "R34", "x": 9, "y": 3 }
            ]
        }
    }
}
