{
    "keyboard_name": "Skeletyl Blackpill",
    "usb": {
        "device_version": "1.0.0"
    },
    "rgb_matrix": {
        "driver": "ws2812"
    },
    "ws2812": {
        "pin": "A1",
        "driver": "pwm"
    },
    "build": {
        "debounce_type": "asym_eager_defer_pk"
    },
    "matrix_pins": {
        "cols": ["B1", "B10", "B3", "B4", "B5"],
        "rows": ["A2", "B8", "A8", "B9"]
    },
    "diode_direction": "ROW2COL",
    "processor": "STM32F411",
    "bootloader": "stm32-dfu",
    "board": "BLACKPILL_STM32_F411"
}
